timestamp,date,time,agent,key,old_value,new_value
2026-04-02T21:04:22.622Z,2026-04-02,21:04:22,SCALPER1,leverage,20,10
2026-04-02T21:04:22.622Z,2026-04-02,21:04:22,SCALPER1,riskPct,2,1
2026-04-02T21:04:22.622Z,2026-04-02,21:04:22,SCALPER1,tp,0.7,15
2026-04-02T21:04:22.623Z,2026-04-02,21:04:22,SCALPER1,sl,0.4,5
2026-04-02T21:04:22.623Z,2026-04-02,21:04:22,SCALPER1,maxTrades,5,5
2026-04-02T21:04:54.740Z,2026-04-02,21:04:54,SCALPER2,leverage,20,10
2026-04-02T21:04:54.740Z,2026-04-02,21:04:54,SCALPER2,riskPct,1.6,1.6
2026-04-02T21:04:54.740Z,2026-04-02,21:04:54,SCALPER2,tp,0.8,25
2026-04-02T21:04:54.740Z,2026-04-02,21:04:54,SCALPER2,sl,0.5,15
2026-04-02T21:04:54.741Z,2026-04-02,21:04:54,SCALPER2,maxTrades,5,5
2026-04-02T21:04:54.741Z,2026-04-02,21:04:54,SCALPER2,trailingStop,true,false
2026-04-02T21:05:19.971Z,2026-04-02,21:05:19,SCALPER3,leverage,50,50
2026-04-02T21:05:19.972Z,2026-04-02,21:05:19,SCALPER3,riskPct,0.5,1
2026-04-02T21:05:19.972Z,2026-04-02,21:05:19,SCALPER3,minRR,4,4
2026-04-02T21:05:19.972Z,2026-04-02,21:05:19,SCALPER3,slPct,0.5,40
2026-04-02T21:05:19.972Z,2026-04-02,21:05:19,SCALPER3,maxTrades,5,5
2026-04-06T16:34:52.900Z,2026-04-06,16:34:52,SCALPER3,leverage,50,50
2026-04-06T16:34:52.901Z,2026-04-06,16:34:52,SCALPER3,riskPct,1,1
2026-04-06T16:34:52.901Z,2026-04-06,16:34:52,SCALPER3,minRR,4,4
2026-04-06T16:34:52.901Z,2026-04-06,16:34:52,SCALPER3,slPct,40,50
2026-04-06T16:34:52.902Z,2026-04-06,16:34:52,SCALPER3,maxTrades,5,5
2026-04-06T18:06:51.871Z,2026-04-06,18:06:51,SCALPER1,leverage,10,10
2026-04-06T18:06:51.872Z,2026-04-06,18:06:51,SCALPER1,riskPct,1,1
2026-04-06T18:06:51.872Z,2026-04-06,18:06:51,SCALPER1,tp,15,15
2026-04-06T18:06:51.872Z,2026-04-06,18:06:51,SCALPER1,sl,5,5
2026-04-06T18:06:51.873Z,2026-04-06,18:06:51,SCALPER1,maxTrades,5,5
2026-04-06T18:06:51.873Z,2026-04-06,18:06:51,SCALPER1,emaEnabled,true,true
2026-04-06T18:06:51.873Z,2026-04-06,18:06:51,SCALPER1,emaPeriod,50,50
2026-04-06T18:06:51.873Z,2026-04-06,18:06:51,SCALPER1,emaTf,Min60,Min60
2026-04-06T18:06:51.874Z,2026-04-06,18:06:51,SCALPER1,cooldownMin,30,10
2026-04-06T18:09:23.533Z,2026-04-06,18:09:23,SCALPER1,leverage,10,10
2026-04-06T18:09:23.534Z,2026-04-06,18:09:23,SCALPER1,riskPct,1,1
2026-04-06T18:09:23.534Z,2026-04-06,18:09:23,SCALPER1,tp,15,15
2026-04-06T18:09:23.534Z,2026-04-06,18:09:23,SCALPER1,sl,5,5
2026-04-06T18:09:23.534Z,2026-04-06,18:09:23,SCALPER1,maxTrades,5,5
2026-04-06T18:09:23.535Z,2026-04-06,18:09:23,SCALPER1,rsiPeriod,14,14
2026-04-06T18:09:23.535Z,2026-04-06,18:09:23,SCALPER1,emaEnabled,true,true
2026-04-06T18:09:23.536Z,2026-04-06,18:09:23,SCALPER1,emaPeriod,50,50
2026-04-06T18:09:23.536Z,2026-04-06,18:09:23,SCALPER1,emaTf,Min60,Min60
2026-04-06T18:09:23.536Z,2026-04-06,18:09:23,SCALPER1,cooldownMin,10,10
2026-04-06T18:09:23.536Z,2026-04-06,18:09:23,SCALPER1,minVol24h,1000000,1000000
2026-04-06T18:09:39.470Z,2026-04-06,18:09:39,SCALPER1,leverage,10,10
2026-04-06T18:09:39.470Z,2026-04-06,18:09:39,SCALPER1,riskPct,1,1
2026-04-06T18:09:39.471Z,2026-04-06,18:09:39,SCALPER1,tp,15,15
2026-04-06T18:09:39.471Z,2026-04-06,18:09:39,SCALPER1,sl,5,5
2026-04-06T18:09:39.471Z,2026-04-06,18:09:39,SCALPER1,maxTrades,5,5
2026-04-06T18:09:39.472Z,2026-04-06,18:09:39,SCALPER1,rsiPeriod,14,14
2026-04-06T18:09:39.472Z,2026-04-06,18:09:39,SCALPER1,emaEnabled,true,true
2026-04-06T18:09:39.472Z,2026-04-06,18:09:39,SCALPER1,emaPeriod,50,50
2026-04-06T18:09:39.473Z,2026-04-06,18:09:39,SCALPER1,emaTf,Min60,Min60
2026-04-06T18:09:39.473Z,2026-04-06,18:09:39,SCALPER1,cooldownMin,10,10
2026-04-06T18:09:39.473Z,2026-04-06,18:09:39,SCALPER1,minVol24h,1000000,1000000
2026-04-06T18:11:01.166Z,2026-04-06,18:11:01,SCALPER2,leverage,10,10
2026-04-06T18:11:01.166Z,2026-04-06,18:11:01,SCALPER2,riskPct,1.6,1.6
2026-04-06T18:11:01.167Z,2026-04-06,18:11:01,SCALPER2,tp,25,25
2026-04-06T18:11:01.167Z,2026-04-06,18:11:01,SCALPER2,sl,15,15
2026-04-06T18:11:01.167Z,2026-04-06,18:11:01,SCALPER2,maxTrades,5,5
2026-04-06T18:11:01.167Z,2026-04-06,18:11:01,SCALPER2,trailingStop,false,true
2026-04-06T18:11:01.168Z,2026-04-06,18:11:01,SCALPER2,sessionFilter,false,false
2026-04-06T18:11:01.168Z,2026-04-06,18:11:01,SCALPER2,sessionFrom,08:00,
2026-04-06T18:11:01.168Z,2026-04-06,18:11:01,SCALPER2,sessionUntil,22:00,
2026-04-06T18:11:01.169Z,2026-04-06,18:11:01,SCALPER2,sessionTz,UTC,UTC
2026-04-06T18:14:44.840Z,2026-04-06,18:14:44,SCALPER3,leverage,50,50
2026-04-06T18:14:44.840Z,2026-04-06,18:14:44,SCALPER3,riskPct,1,1
2026-04-06T18:14:44.841Z,2026-04-06,18:14:44,SCALPER3,minRR,4,4
2026-04-06T18:14:44.841Z,2026-04-06,18:14:44,SCALPER3,slPct,0.5,10
2026-04-06T18:14:44.841Z,2026-04-06,18:14:44,SCALPER3,maxTrades,5,5
2026-04-06T18:14:44.842Z,2026-04-06,18:14:44,SCALPER3,shortOnly,true,true
2026-04-06T18:14:44.842Z,2026-04-06,18:14:44,SCALPER3,negTpGuard,true,true
2026-04-06T18:14:44.842Z,2026-04-06,18:14:44,SCALPER3,excludedSymbols,"XAUTUSDT,XAUUSDT",XAUTUSDT
2026-04-08T20:50:59.211Z,2026-04-08,20:50:59,SCALPER1,leverage,10,20
2026-04-08T20:50:59.212Z,2026-04-08,20:50:59,SCALPER1,riskPct,1,1
2026-04-08T20:50:59.212Z,2026-04-08,20:50:59,SCALPER1,tp,15,15
2026-04-08T20:50:59.212Z,2026-04-08,20:50:59,SCALPER1,sl,5,5
2026-04-08T20:50:59.213Z,2026-04-08,20:50:59,SCALPER1,maxTrades,5,5
2026-04-08T20:50:59.213Z,2026-04-08,20:50:59,SCALPER1,marginMode,isolated,crossed
2026-04-08T20:50:59.213Z,2026-04-08,20:50:59,SCALPER1,rsiPeriod,14,14
2026-04-08T20:50:59.213Z,2026-04-08,20:50:59,SCALPER1,rsiOversold,30,27
2026-04-08T20:50:59.214Z,2026-04-08,20:50:59,SCALPER1,rsiOverbought,70,84
2026-04-08T20:50:59.214Z,2026-04-08,20:50:59,SCALPER1,emaEnabled,true,true
2026-04-08T20:50:59.214Z,2026-04-08,20:50:59,SCALPER1,emaPeriod,50,50
2026-04-08T20:50:59.214Z,2026-04-08,20:50:59,SCALPER1,emaTf,Min60,Min60
2026-04-08T20:50:59.215Z,2026-04-08,20:50:59,SCALPER1,cooldownMin,10,10
2026-04-08T20:50:59.215Z,2026-04-08,20:50:59,SCALPER1,minVol24h,1000000,50000
2026-04-08T20:57:54.029Z,2026-04-08,20:57:54,SCALPER2,leverage,10,20
2026-04-08T20:57:54.029Z,2026-04-08,20:57:54,SCALPER2,riskPct,1.6,3
2026-04-08T20:57:54.030Z,2026-04-08,20:57:54,SCALPER2,tp,25,25
2026-04-08T20:57:54.030Z,2026-04-08,20:57:54,SCALPER2,sl,15,15
2026-04-08T20:57:54.030Z,2026-04-08,20:57:54,SCALPER2,maxTrades,5,5
2026-04-08T20:57:54.030Z,2026-04-08,20:57:54,SCALPER2,marginMode,isolated,crossed
2026-04-08T20:57:54.031Z,2026-04-08,20:57:54,SCALPER2,vwapDeviation,0.3,0.3
2026-04-08T20:57:54.031Z,2026-04-08,20:57:54,SCALPER2,minImpulse,0.5,5
2026-04-08T20:57:54.031Z,2026-04-08,20:57:54,SCALPER2,trailingStop,true,true
2026-04-08T20:57:54.031Z,2026-04-08,20:57:54,SCALPER2,trailActivation,1,1
2026-04-08T20:57:54.032Z,2026-04-08,20:57:54,SCALPER2,trailDistance,0.5,0.5
2026-04-08T20:57:54.032Z,2026-04-08,20:57:54,SCALPER2,sessionFilter,false,false
2026-04-08T20:57:54.032Z,2026-04-08,20:57:54,SCALPER2,sessionFrom,,
2026-04-08T20:57:54.032Z,2026-04-08,20:57:54,SCALPER2,sessionUntil,,
2026-04-08T20:57:54.032Z,2026-04-08,20:57:54,SCALPER2,sessionTz,UTC,UTC
2026-04-08T21:41:01.370Z,2026-04-08,21:41:01,SCALPER3,leverage,50,50
2026-04-08T21:41:01.371Z,2026-04-08,21:41:01,SCALPER3,riskPct,1,2
2026-04-08T21:41:01.371Z,2026-04-08,21:41:01,SCALPER3,minRR,4,4
2026-04-08T21:41:01.371Z,2026-04-08,21:41:01,SCALPER3,slPct,10,10
2026-04-08T21:41:01.372Z,2026-04-08,21:41:01,SCALPER3,maxTrades,5,5
2026-04-08T21:41:01.372Z,2026-04-08,21:41:01,SCALPER3,marginMode,crossed,crossed
2026-04-08T21:41:01.372Z,2026-04-08,21:41:01,SCALPER3,minWallSize,50000,50000
2026-04-08T21:41:01.372Z,2026-04-08,21:41:01,SCALPER3,maxSpread,0.1,0.2
2026-04-08T21:41:01.373Z,2026-04-08,21:41:01,SCALPER3,shortOnly,true,true
2026-04-08T21:41:01.373Z,2026-04-08,21:41:01,SCALPER3,negTpGuard,true,true
2026-04-08T21:41:01.373Z,2026-04-08,21:41:01,SCALPER3,excludedSymbols,XAUTUSDT,XAUTUSDT
2026-04-15T08:08:30.902Z,2026-04-15,08:08:30,SCALPER1,leverage,20,20
2026-04-15T08:08:30.903Z,2026-04-15,08:08:30,SCALPER1,riskPct,1,1
2026-04-15T08:08:30.903Z,2026-04-15,08:08:30,SCALPER1,tp,15,15
2026-04-15T08:08:30.904Z,2026-04-15,08:08:30,SCALPER1,sl,5,5
2026-04-15T08:08:30.904Z,2026-04-15,08:08:30,SCALPER1,maxTrades,5,50
2026-04-15T08:08:30.904Z,2026-04-15,08:08:30,SCALPER1,marginMode,crossed,crossed
2026-04-15T08:08:30.904Z,2026-04-15,08:08:30,SCALPER1,rsiPeriod,14,14
2026-04-15T08:08:30.905Z,2026-04-15,08:08:30,SCALPER1,rsiOversold,27,27
2026-04-15T08:08:30.905Z,2026-04-15,08:08:30,SCALPER1,rsiOverbought,84,84
2026-04-15T08:08:30.905Z,2026-04-15,08:08:30,SCALPER1,emaEnabled,true,true
2026-04-15T08:08:30.905Z,2026-04-15,08:08:30,SCALPER1,emaPeriod,50,50
2026-04-15T08:08:30.906Z,2026-04-15,08:08:30,SCALPER1,emaTf,Min60,Min60
2026-04-15T08:08:30.906Z,2026-04-15,08:08:30,SCALPER1,cooldownMin,10,10
2026-04-15T08:08:30.906Z,2026-04-15,08:08:30,SCALPER1,minVol24h,50000,50000
2026-04-15T08:59:54.904Z,2026-04-15,08:59:54,SCALPER1,leverage,20,25
2026-04-15T08:59:54.904Z,2026-04-15,08:59:54,SCALPER1,riskPct,1,1
2026-04-15T08:59:54.904Z,2026-04-15,08:59:54,SCALPER1,tp,15,1.5
2026-04-15T08:59:54.905Z,2026-04-15,08:59:54,SCALPER1,sl,5,0.4
2026-04-15T08:59:54.905Z,2026-04-15,08:59:54,SCALPER1,maxTrades,50,50
2026-04-15T08:59:54.905Z,2026-04-15,08:59:54,SCALPER1,marginMode,crossed,crossed
2026-04-15T08:59:54.905Z,2026-04-15,08:59:54,SCALPER1,rsiPeriod,14,14
2026-04-15T08:59:54.905Z,2026-04-15,08:59:54,SCALPER1,rsiOversold,27,30
2026-04-15T08:59:54.906Z,2026-04-15,08:59:54,SCALPER1,rsiOverbought,84,70
2026-04-15T08:59:54.906Z,2026-04-15,08:59:54,SCALPER1,emaEnabled,true,true
2026-04-15T08:59:54.906Z,2026-04-15,08:59:54,SCALPER1,emaPeriod,50,50
2026-04-15T08:59:54.906Z,2026-04-15,08:59:54,SCALPER1,emaTf,Min60,Min60
2026-04-15T08:59:54.906Z,2026-04-15,08:59:54,SCALPER1,cooldownMin,10,10
2026-04-15T08:59:54.907Z,2026-04-15,08:59:54,SCALPER1,minVol24h,50000,50000
2026-04-15T09:00:06.505Z,2026-04-15,09:00:06,SCALPER1,leverage,25,25
2026-04-15T09:00:06.505Z,2026-04-15,09:00:06,SCALPER1,riskPct,1,1
2026-04-15T09:00:06.505Z,2026-04-15,09:00:06,SCALPER1,tp,1.5,1.5
2026-04-15T09:00:06.506Z,2026-04-15,09:00:06,SCALPER1,sl,0.4,0.4
2026-04-15T09:00:06.506Z,2026-04-15,09:00:06,SCALPER1,maxTrades,50,10
2026-04-15T09:00:06.506Z,2026-04-15,09:00:06,SCALPER1,marginMode,crossed,crossed
2026-04-15T09:00:06.506Z,2026-04-15,09:00:06,SCALPER1,rsiPeriod,14,14
2026-04-15T09:00:06.506Z,2026-04-15,09:00:06,SCALPER1,rsiOversold,30,30
2026-04-15T09:00:06.507Z,2026-04-15,09:00:06,SCALPER1,rsiOverbought,70,70
2026-04-15T09:00:06.507Z,2026-04-15,09:00:06,SCALPER1,emaEnabled,true,true
2026-04-15T09:00:06.507Z,2026-04-15,09:00:06,SCALPER1,emaPeriod,50,50
2026-04-15T09:00:06.507Z,2026-04-15,09:00:06,SCALPER1,emaTf,Min60,Min60
2026-04-15T09:00:06.507Z,2026-04-15,09:00:06,SCALPER1,cooldownMin,10,10
2026-04-15T09:00:06.508Z,2026-04-15,09:00:06,SCALPER1,minVol24h,50000,50000
2026-04-15T10:20:46.515Z,2026-04-15,10:20:46,SCALPER1,rsiPeriod,14,12
2026-04-15T10:20:46.515Z,2026-04-15,10:20:46,SCALPER1,rsiOversold,30,35
2026-04-15T10:20:46.515Z,2026-04-15,10:20:46,SCALPER1,rsiOverbought,70,70
2026-04-15T10:20:46.515Z,2026-04-15,10:20:46,SCALPER1,leverage,25,15
2026-04-15T10:20:46.516Z,2026-04-15,10:20:46,SCALPER1,tp,1.5,2
2026-04-15T10:20:46.516Z,2026-04-15,10:20:46,SCALPER1,sl,0.4,0.5
2026-04-15T10:21:17.333Z,2026-04-15,10:21:17,SCALPER1,rsiPeriod,12,12
2026-04-15T10:21:17.334Z,2026-04-15,10:21:17,SCALPER1,rsiOversold,35,35
2026-04-15T10:21:17.334Z,2026-04-15,10:21:17,SCALPER1,rsiOverbought,70,70
2026-04-15T10:21:17.334Z,2026-04-15,10:21:17,SCALPER1,leverage,15,15
2026-04-15T10:21:17.334Z,2026-04-15,10:21:17,SCALPER1,tp,2,2
2026-04-15T10:21:17.334Z,2026-04-15,10:21:17,SCALPER1,sl,0.5,0.5
2026-04-15T10:35:37.422Z,2026-04-15,10:35:37,SCALPER1,leverage,15,15
2026-04-15T10:35:37.422Z,2026-04-15,10:35:37,SCALPER1,riskPct,1,5
2026-04-15T10:35:37.423Z,2026-04-15,10:35:37,SCALPER1,tp,2,2
2026-04-15T10:35:37.423Z,2026-04-15,10:35:37,SCALPER1,sl,0.5,0.5
2026-04-15T10:35:37.423Z,2026-04-15,10:35:37,SCALPER1,maxTrades,10,10
2026-04-15T10:35:37.423Z,2026-04-15,10:35:37,SCALPER1,marginMode,crossed,crossed
2026-04-15T10:35:37.423Z,2026-04-15,10:35:37,SCALPER1,rsiPeriod,12,12
2026-04-15T10:35:37.424Z,2026-04-15,10:35:37,SCALPER1,rsiOversold,35,35
2026-04-15T10:35:37.424Z,2026-04-15,10:35:37,SCALPER1,rsiOverbought,70,70
2026-04-15T10:35:37.424Z,2026-04-15,10:35:37,SCALPER1,emaEnabled,true,true
2026-04-15T10:35:37.424Z,2026-04-15,10:35:37,SCALPER1,emaPeriod,50,50
2026-04-15T10:35:37.424Z,2026-04-15,10:35:37,SCALPER1,emaTf,Min60,Min60
2026-04-15T10:35:37.425Z,2026-04-15,10:35:37,SCALPER1,cooldownMin,10,10
2026-04-15T10:35:37.425Z,2026-04-15,10:35:37,SCALPER1,minVol24h,50000,50000
2026-04-15T12:43:02.187Z,2026-04-15,12:43:02,SCALPER1,leverage,15,15
2026-04-15T12:43:02.187Z,2026-04-15,12:43:02,SCALPER1,riskPct,5,1
2026-04-15T12:43:02.187Z,2026-04-15,12:43:02,SCALPER1,tp,2,80
2026-04-15T12:43:02.188Z,2026-04-15,12:43:02,SCALPER1,sl,0.5,20
2026-04-15T12:43:02.188Z,2026-04-15,12:43:02,SCALPER1,maxTrades,10,10
2026-04-15T12:43:02.188Z,2026-04-15,12:43:02,SCALPER1,marginMode,crossed,crossed
2026-04-15T12:43:02.188Z,2026-04-15,12:43:02,SCALPER1,rsiPeriod,12,12
2026-04-15T12:43:02.188Z,2026-04-15,12:43:02,SCALPER1,rsiOversold,35,35
2026-04-15T12:43:02.189Z,2026-04-15,12:43:02,SCALPER1,rsiOverbought,70,70
2026-04-15T12:43:02.189Z,2026-04-15,12:43:02,SCALPER1,emaEnabled,true,true
2026-04-15T12:43:02.189Z,2026-04-15,12:43:02,SCALPER1,emaPeriod,50,50
2026-04-15T12:43:02.189Z,2026-04-15,12:43:02,SCALPER1,emaTf,Min60,Min60
2026-04-15T12:43:02.189Z,2026-04-15,12:43:02,SCALPER1,cooldownMin,10,10
2026-04-15T12:43:02.190Z,2026-04-15,12:43:02,SCALPER1,minVol24h,50000,50000
2026-04-15T14:18:22.951Z,2026-04-15,14:18:22,SCALPER1,rsiPeriod,12,10
2026-04-15T14:18:22.951Z,2026-04-15,14:18:22,SCALPER1,rsiOversold,35,15
2026-04-15T14:18:22.952Z,2026-04-15,14:18:22,SCALPER1,rsiOverbought,70,80
2026-04-15T14:18:22.952Z,2026-04-15,14:18:22,SCALPER1,leverage,15,10
2026-04-15T14:18:22.952Z,2026-04-15,14:18:22,SCALPER1,tp,80,100
2026-04-15T14:18:22.952Z,2026-04-15,14:18:22,SCALPER1,sl,20,25
2026-04-15T14:19:05.178Z,2026-04-15,14:19:05,SCALPER1,rsiPeriod,10,10
2026-04-15T14:19:05.178Z,2026-04-15,14:19:05,SCALPER1,rsiOversold,15,15
2026-04-15T14:19:05.178Z,2026-04-15,14:19:05,SCALPER1,rsiOverbought,80,80
2026-04-15T14:19:05.178Z,2026-04-15,14:19:05,SCALPER1,leverage,10,10
2026-04-15T14:19:05.179Z,2026-04-15,14:19:05,SCALPER1,tp,100,100
2026-04-15T14:19:05.179Z,2026-04-15,14:19:05,SCALPER1,sl,25,25
2026-04-15T14:21:58.281Z,2026-04-15,14:21:58,SCALPER2,leverage,20,20
2026-04-15T14:21:58.282Z,2026-04-15,14:21:58,SCALPER2,riskPct,3,1
2026-04-15T14:21:58.282Z,2026-04-15,14:21:58,SCALPER2,tp,25,80
2026-04-15T14:21:58.282Z,2026-04-15,14:21:58,SCALPER2,sl,15,25
2026-04-15T14:21:58.283Z,2026-04-15,14:21:58,SCALPER2,maxTrades,5,5
2026-04-15T14:21:58.283Z,2026-04-15,14:21:58,SCALPER2,marginMode,crossed,crossed
2026-04-15T14:21:58.283Z,2026-04-15,14:21:58,SCALPER2,vwapDeviation,0.3,0.3
2026-04-15T14:21:58.283Z,2026-04-15,14:21:58,SCALPER2,minImpulse,5,5
2026-04-15T14:21:58.284Z,2026-04-15,14:21:58,SCALPER2,trailingStop,true,true
2026-04-15T14:21:58.284Z,2026-04-15,14:21:58,SCALPER2,trailActivation,1,1
2026-04-15T14:21:58.284Z,2026-04-15,14:21:58,SCALPER2,trailDistance,0.5,0.5
2026-04-15T14:21:58.284Z,2026-04-15,14:21:58,SCALPER2,sessionFilter,false,false
2026-04-15T14:21:58.285Z,2026-04-15,14:21:58,SCALPER2,sessionFrom,,
2026-04-15T14:21:58.285Z,2026-04-15,14:21:58,SCALPER2,sessionUntil,,
2026-04-15T14:21:58.285Z,2026-04-15,14:21:58,SCALPER2,sessionTz,UTC,UTC
2026-04-15T14:22:44.331Z,2026-04-15,14:22:44,SCALPER1,rsiPeriod,10,10
2026-04-15T14:22:44.332Z,2026-04-15,14:22:44,SCALPER1,rsiOversold,15,15
2026-04-15T14:22:44.332Z,2026-04-15,14:22:44,SCALPER1,rsiOverbought,80,80
2026-04-15T14:22:44.332Z,2026-04-15,14:22:44,SCALPER1,leverage,10,10
2026-04-15T14:22:44.332Z,2026-04-15,14:22:44,SCALPER1,tp,100,100
2026-04-15T14:22:44.332Z,2026-04-15,14:22:44,SCALPER1,sl,25,25
2026-04-15T17:25:20.089Z,2026-04-15,17:25:20,SCALPER1,leverage,10,10
2026-04-15T17:25:20.089Z,2026-04-15,17:25:20,SCALPER1,riskPct,1,1
2026-04-15T17:25:20.090Z,2026-04-15,17:25:20,SCALPER1,tp,100,100
2026-04-15T17:25:20.090Z,2026-04-15,17:25:20,SCALPER1,sl,25,25
2026-04-15T17:25:20.090Z,2026-04-15,17:25:20,SCALPER1,maxTrades,10,10
2026-04-15T17:25:20.090Z,2026-04-15,17:25:20,SCALPER1,marginMode,crossed,crossed
2026-04-15T17:25:20.091Z,2026-04-15,17:25:20,SCALPER1,rsiPeriod,10,14
2026-04-15T17:25:20.091Z,2026-04-15,17:25:20,SCALPER1,rsiOversold,15,30
2026-04-15T17:25:20.091Z,2026-04-15,17:25:20,SCALPER1,rsiOverbought,80,70
2026-04-15T17:25:20.091Z,2026-04-15,17:25:20,SCALPER1,emaEnabled,true,false
2026-04-15T17:25:20.092Z,2026-04-15,17:25:20,SCALPER1,emaPeriod,50,50
2026-04-15T17:25:20.092Z,2026-04-15,17:25:20,SCALPER1,emaTf,Min60,Min60
2026-04-15T17:25:20.092Z,2026-04-15,17:25:20,SCALPER1,cooldownMin,10,10
2026-04-15T17:25:20.092Z,2026-04-15,17:25:20,SCALPER1,minVol24h,50000,50000
2026-04-15T17:37:53.957Z,2026-04-15,17:37:53,SCALPER1,leverage,10,10
2026-04-15T17:37:53.957Z,2026-04-15,17:37:53,SCALPER1,riskPct,1,1
2026-04-15T17:37:53.958Z,2026-04-15,17:37:53,SCALPER1,tp,100,100
2026-04-15T17:37:53.958Z,2026-04-15,17:37:53,SCALPER1,sl,25,25
2026-04-15T17:37:53.958Z,2026-04-15,17:37:53,SCALPER1,maxTrades,10,10
2026-04-15T17:37:53.959Z,2026-04-15,17:37:53,SCALPER1,marginMode,crossed,crossed
2026-04-15T17:37:53.959Z,2026-04-15,17:37:53,SCALPER1,rsiPeriod,14,14
2026-04-15T17:37:53.959Z,2026-04-15,17:37:53,SCALPER1,rsiOversold,30,30
2026-04-15T17:37:53.959Z,2026-04-15,17:37:53,SCALPER1,rsiOverbought,70,70
2026-04-15T17:37:53.960Z,2026-04-15,17:37:53,SCALPER1,emaEnabled,false,false
2026-04-15T17:37:53.960Z,2026-04-15,17:37:53,SCALPER1,emaPeriod,50,50
2026-04-15T17:37:53.960Z,2026-04-15,17:37:53,SCALPER1,emaTf,Min60,Min60
2026-04-15T17:37:53.960Z,2026-04-15,17:37:53,SCALPER1,cooldownMin,10,10
2026-04-15T17:37:53.961Z,2026-04-15,17:37:53,SCALPER1,minVol24h,50000,50000
2026-04-15T17:39:10.919Z,2026-04-15,17:39:10,SCALPER1,rsiPeriod,14,14
2026-04-15T17:39:10.919Z,2026-04-15,17:39:10,SCALPER1,rsiOversold,30,30
2026-04-15T17:39:10.919Z,2026-04-15,17:39:10,SCALPER1,rsiOverbought,70,70
2026-04-15T17:39:10.920Z,2026-04-15,17:39:10,SCALPER1,emaEnabled,false,false
2026-04-15T17:39:10.920Z,2026-04-15,17:39:10,SCALPER1,emaPeriod,50,85
2026-04-15T17:39:10.920Z,2026-04-15,17:39:10,SCALPER1,leverage,10,15
2026-04-15T17:39:10.920Z,2026-04-15,17:39:10,SCALPER1,tp,100,100
2026-04-15T17:39:10.921Z,2026-04-15,17:39:10,SCALPER1,sl,25,15
2026-04-15T17:39:34.567Z,2026-04-15,17:39:34,SCALPER1,rsiPeriod,14,14
2026-04-15T17:39:34.567Z,2026-04-15,17:39:34,SCALPER1,rsiOversold,30,30
2026-04-15T17:39:34.567Z,2026-04-15,17:39:34,SCALPER1,rsiOverbought,70,70
2026-04-15T17:39:34.568Z,2026-04-15,17:39:34,SCALPER1,emaEnabled,false,false
2026-04-15T17:39:34.568Z,2026-04-15,17:39:34,SCALPER1,emaPeriod,85,85
2026-04-15T17:39:34.568Z,2026-04-15,17:39:34,SCALPER1,leverage,15,15
2026-04-15T17:39:34.568Z,2026-04-15,17:39:34,SCALPER1,tp,100,100
2026-04-15T17:39:34.569Z,2026-04-15,17:39:34,SCALPER1,sl,15,15
2026-04-15T17:40:17.895Z,2026-04-15,17:40:17,SCALPER1,leverage,15,15
2026-04-15T17:40:17.895Z,2026-04-15,17:40:17,SCALPER1,riskPct,1,1
2026-04-15T17:40:17.895Z,2026-04-15,17:40:17,SCALPER1,tp,100,100
2026-04-15T17:40:17.896Z,2026-04-15,17:40:17,SCALPER1,sl,15,25
2026-04-15T17:40:17.896Z,2026-04-15,17:40:17,SCALPER1,maxTrades,10,10
2026-04-15T17:40:17.896Z,2026-04-15,17:40:17,SCALPER1,marginMode,crossed,crossed
2026-04-15T17:40:17.896Z,2026-04-15,17:40:17,SCALPER1,rsiPeriod,14,14
2026-04-15T17:40:17.897Z,2026-04-15,17:40:17,SCALPER1,rsiOversold,30,30
2026-04-15T17:40:17.897Z,2026-04-15,17:40:17,SCALPER1,rsiOverbought,70,70
2026-04-15T17:40:17.897Z,2026-04-15,17:40:17,SCALPER1,emaEnabled,false,false
2026-04-15T17:40:17.897Z,2026-04-15,17:40:17,SCALPER1,emaPeriod,85,50
2026-04-15T17:40:17.898Z,2026-04-15,17:40:17,SCALPER1,emaTf,Min60,Min60
2026-04-15T17:40:17.898Z,2026-04-15,17:40:17,SCALPER1,cooldownMin,10,10
2026-04-15T17:40:17.898Z,2026-04-15,17:40:17,SCALPER1,minVol24h,50000,50000
2026-04-15T17:54:03.175Z,2026-04-15,17:54:03,SCALPER1,leverage,15,15
2026-04-15T17:54:03.176Z,2026-04-15,17:54:03,SCALPER1,riskPct,1,1
2026-04-15T17:54:03.176Z,2026-04-15,17:54:03,SCALPER1,tp,100,100
2026-04-15T17:54:03.176Z,2026-04-15,17:54:03,SCALPER1,sl,25,25
2026-04-15T17:54:03.177Z,2026-04-15,17:54:03,SCALPER1,maxTrades,10,10
2026-04-15T17:54:03.177Z,2026-04-15,17:54:03,SCALPER1,marginMode,crossed,crossed
2026-04-15T17:54:03.177Z,2026-04-15,17:54:03,SCALPER1,timeframe,Min5,H1
2026-04-15T17:54:03.178Z,2026-04-15,17:54:03,SCALPER1,rsiPeriod,14,14
2026-04-15T17:54:03.178Z,2026-04-15,17:54:03,SCALPER1,rsiOversold,30,30
2026-04-15T17:54:03.178Z,2026-04-15,17:54:03,SCALPER1,rsiOverbought,70,70
2026-04-15T17:54:03.178Z,2026-04-15,17:54:03,SCALPER1,emaEnabled,false,false
2026-04-15T17:54:03.179Z,2026-04-15,17:54:03,SCALPER1,emaPeriod,50,50
2026-04-15T17:54:03.179Z,2026-04-15,17:54:03,SCALPER1,emaTf,Min60,Min60
2026-04-15T17:54:03.179Z,2026-04-15,17:54:03,SCALPER1,cooldownMin,10,10
2026-04-15T17:54:03.180Z,2026-04-15,17:54:03,SCALPER1,minVol24h,50000,50000
2026-04-15T17:54:23.711Z,2026-04-15,17:54:23,SCALPER1,leverage,15,15
2026-04-15T17:54:23.711Z,2026-04-15,17:54:23,SCALPER1,riskPct,1,1
2026-04-15T17:54:23.711Z,2026-04-15,17:54:23,SCALPER1,tp,100,100
2026-04-15T17:54:23.712Z,2026-04-15,17:54:23,SCALPER1,sl,25,25
2026-04-15T17:54:23.712Z,2026-04-15,17:54:23,SCALPER1,maxTrades,10,10
2026-04-15T17:54:23.712Z,2026-04-15,17:54:23,SCALPER1,marginMode,crossed,crossed
2026-04-15T17:54:23.713Z,2026-04-15,17:54:23,SCALPER1,timeframe,H1,H1
2026-04-15T17:54:23.713Z,2026-04-15,17:54:23,SCALPER1,rsiPeriod,14,14
2026-04-15T17:54:23.713Z,2026-04-15,17:54:23,SCALPER1,rsiOversold,30,30
2026-04-15T17:54:23.713Z,2026-04-15,17:54:23,SCALPER1,rsiOverbought,70,70
2026-04-15T17:54:23.714Z,2026-04-15,17:54:23,SCALPER1,emaEnabled,false,false
2026-04-15T17:54:23.714Z,2026-04-15,17:54:23,SCALPER1,emaPeriod,50,50
2026-04-15T17:54:23.714Z,2026-04-15,17:54:23,SCALPER1,emaTf,Min60,Min60
2026-04-15T17:54:23.714Z,2026-04-15,17:54:23,SCALPER1,cooldownMin,10,10
2026-04-15T17:54:23.715Z,2026-04-15,17:54:23,SCALPER1,minVol24h,50000,50000
2026-04-15T19:43:03.501Z,2026-04-15,19:43:03,SCALPER1,leverage,15,20
2026-04-15T19:43:03.502Z,2026-04-15,19:43:03,SCALPER1,riskPct,1,1
2026-04-15T19:43:03.502Z,2026-04-15,19:43:03,SCALPER1,tp,100,100
2026-04-15T19:43:03.502Z,2026-04-15,19:43:03,SCALPER1,sl,25,25
2026-04-15T19:43:03.503Z,2026-04-15,19:43:03,SCALPER1,maxTrades,10,10
2026-04-15T19:43:03.503Z,2026-04-15,19:43:03,SCALPER1,marginMode,crossed,crossed
2026-04-15T19:43:03.503Z,2026-04-15,19:43:03,SCALPER1,timeframe,H1,H1
2026-04-15T19:43:03.504Z,2026-04-15,19:43:03,SCALPER1,rsiPeriod,14,14
2026-04-15T19:43:03.504Z,2026-04-15,19:43:03,SCALPER1,rsiOversold,30,30
2026-04-15T19:43:03.504Z,2026-04-15,19:43:03,SCALPER1,rsiOverbought,70,70
2026-04-15T19:43:03.505Z,2026-04-15,19:43:03,SCALPER1,emaEnabled,false,false
2026-04-15T19:43:03.505Z,2026-04-15,19:43:03,SCALPER1,emaPeriod,50,50
2026-04-15T19:43:03.505Z,2026-04-15,19:43:03,SCALPER1,emaTf,Min60,Min60
2026-04-15T19:43:03.506Z,2026-04-15,19:43:03,SCALPER1,cooldownMin,10,10
2026-04-15T19:43:03.506Z,2026-04-15,19:43:03,SCALPER1,minVol24h,50000,50000
2026-04-15T19:55:44.065Z,2026-04-15,19:55:44,SCALPER1,rsiPeriod,14,10
2026-04-15T19:55:44.066Z,2026-04-15,19:55:44,SCALPER1,rsiOversold,30,25
2026-04-15T19:55:44.066Z,2026-04-15,19:55:44,SCALPER1,rsiOverbought,70,60
2026-04-15T19:55:44.066Z,2026-04-15,19:55:44,SCALPER1,leverage,20,15
2026-04-15T19:55:44.066Z,2026-04-15,19:55:44,SCALPER1,tp,100,120
2026-04-15T19:55:44.067Z,2026-04-15,19:55:44,SCALPER1,sl,25,35
2026-04-16T12:48:31.124Z,2026-04-16,12:48:31,SCALPER1,rsiPeriod,10,14
2026-04-16T12:48:31.124Z,2026-04-16,12:48:31,SCALPER1,rsiOversold,25,25
2026-04-16T12:48:31.124Z,2026-04-16,12:48:31,SCALPER1,rsiOverbought,60,70
2026-04-16T12:48:31.125Z,2026-04-16,12:48:31,SCALPER1,emaEnabled,false,false
2026-04-16T12:48:31.125Z,2026-04-16,12:48:31,SCALPER1,emaPeriod,50,100
2026-04-16T12:48:31.125Z,2026-04-16,12:48:31,SCALPER1,leverage,15,15
2026-04-16T12:48:31.125Z,2026-04-16,12:48:31,SCALPER1,tp,120,15
2026-04-16T12:48:31.125Z,2026-04-16,12:48:31,SCALPER1,sl,35,5
2026-04-16T12:49:12.912Z,2026-04-16,12:49:12,SCALPER1,rsiPeriod,14,14
2026-04-16T12:49:12.912Z,2026-04-16,12:49:12,SCALPER1,rsiOversold,25,25
2026-04-16T12:49:12.913Z,2026-04-16,12:49:12,SCALPER1,rsiOverbought,70,70
2026-04-16T12:49:12.913Z,2026-04-16,12:49:12,SCALPER1,emaEnabled,false,false
2026-04-16T12:49:12.913Z,2026-04-16,12:49:12,SCALPER1,emaPeriod,100,100
2026-04-16T12:49:12.913Z,2026-04-16,12:49:12,SCALPER1,leverage,15,15
2026-04-16T12:49:12.913Z,2026-04-16,12:49:12,SCALPER1,tp,15,15
2026-04-16T12:49:12.914Z,2026-04-16,12:49:12,SCALPER1,sl,5,5
2026-04-16T21:25:05.569Z,2026-04-16,21:25:05,SCALPER1,rsiPeriod,14,10
2026-04-16T21:25:05.569Z,2026-04-16,21:25:05,SCALPER1,rsiOversold,25,20
2026-04-16T21:25:05.569Z,2026-04-16,21:25:05,SCALPER1,rsiOverbought,70,65
2026-04-16T21:25:05.569Z,2026-04-16,21:25:05,SCALPER1,leverage,15,15
2026-04-16T21:25:05.570Z,2026-04-16,21:25:05,SCALPER1,tp,15,120
2026-04-16T21:25:05.570Z,2026-04-16,21:25:05,SCALPER1,sl,5,25
2026-04-16T21:27:28.353Z,2026-04-16,21:27:28,SCALPER1,leverage,15,15
2026-04-16T21:27:28.354Z,2026-04-16,21:27:28,SCALPER1,riskPct,1,1
2026-04-16T21:27:28.354Z,2026-04-16,21:27:28,SCALPER1,tp,120,120
2026-04-16T21:27:28.354Z,2026-04-16,21:27:28,SCALPER1,sl,25,25
2026-04-16T21:27:28.354Z,2026-04-16,21:27:28,SCALPER1,maxTrades,10,10
2026-04-16T21:27:28.355Z,2026-04-16,21:27:28,SCALPER1,marginMode,crossed,crossed
2026-04-16T21:27:28.355Z,2026-04-16,21:27:28,SCALPER1,timeframe,H1,H4
2026-04-16T21:27:28.355Z,2026-04-16,21:27:28,SCALPER1,rsiPeriod,10,10
2026-04-16T21:27:28.355Z,2026-04-16,21:27:28,SCALPER1,rsiOversold,20,20
2026-04-16T21:27:28.356Z,2026-04-16,21:27:28,SCALPER1,rsiOverbought,65,65
2026-04-16T21:27:28.356Z,2026-04-16,21:27:28,SCALPER1,emaEnabled,false,false
2026-04-16T21:27:28.356Z,2026-04-16,21:27:28,SCALPER1,emaPeriod,100,100
2026-04-16T21:27:28.356Z,2026-04-16,21:27:28,SCALPER1,emaTf,Min60,Min60
2026-04-16T21:27:28.356Z,2026-04-16,21:27:28,SCALPER1,cooldownMin,10,10
2026-04-16T21:27:28.357Z,2026-04-16,21:27:28,SCALPER1,minVol24h,50000,50000
2026-04-17T04:22:20.224Z,2026-04-17,04:22:20,SCALPER1,rsiPeriod,10,14
2026-04-17T04:22:20.225Z,2026-04-17,04:22:20,SCALPER1,rsiOversold,20,25
2026-04-17T04:22:20.225Z,2026-04-17,04:22:20,SCALPER1,rsiOverbought,65,70
2026-04-17T04:22:20.225Z,2026-04-17,04:22:20,SCALPER1,emaEnabled,false,false
2026-04-17T04:22:20.225Z,2026-04-17,04:22:20,SCALPER1,emaPeriod,100,100
2026-04-17T04:22:20.226Z,2026-04-17,04:22:20,SCALPER1,leverage,15,25
2026-04-17T04:22:20.226Z,2026-04-17,04:22:20,SCALPER1,tp,120,15
2026-04-17T04:22:20.226Z,2026-04-17,04:22:20,SCALPER1,sl,25,5
2026-04-17T04:22:59.320Z,2026-04-17,04:22:59,SCALPER1,leverage,25,25
2026-04-17T04:22:59.320Z,2026-04-17,04:22:59,SCALPER1,riskPct,1,1
2026-04-17T04:22:59.321Z,2026-04-17,04:22:59,SCALPER1,tp,15,15
2026-04-17T04:22:59.321Z,2026-04-17,04:22:59,SCALPER1,sl,5,5
2026-04-17T04:22:59.321Z,2026-04-17,04:22:59,SCALPER1,maxTrades,10,10
2026-04-17T04:22:59.321Z,2026-04-17,04:22:59,SCALPER1,marginMode,crossed,crossed
2026-04-17T04:22:59.322Z,2026-04-17,04:22:59,SCALPER1,timeframe,H4,H4
2026-04-17T04:22:59.322Z,2026-04-17,04:22:59,SCALPER1,rsiPeriod,14,14
2026-04-17T04:22:59.322Z,2026-04-17,04:22:59,SCALPER1,rsiOversold,25,25
2026-04-17T04:22:59.322Z,2026-04-17,04:22:59,SCALPER1,rsiOverbought,70,70
2026-04-17T04:22:59.322Z,2026-04-17,04:22:59,SCALPER1,emaEnabled,false,false
2026-04-17T04:22:59.323Z,2026-04-17,04:22:59,SCALPER1,emaPeriod,100,100
2026-04-17T04:22:59.323Z,2026-04-17,04:22:59,SCALPER1,emaTf,Min60,Min60
2026-04-17T04:22:59.323Z,2026-04-17,04:22:59,SCALPER1,cooldownMin,10,10
2026-04-17T04:22:59.323Z,2026-04-17,04:22:59,SCALPER1,minVol24h,50000,50000
2026-04-17T11:44:28.062Z,2026-04-17,11:44:28,SCALPER1,leverage,25,25
2026-04-17T11:44:28.063Z,2026-04-17,11:44:28,SCALPER1,riskPct,1,1
2026-04-17T11:44:28.063Z,2026-04-17,11:44:28,SCALPER1,tp,15,15
2026-04-17T11:44:28.063Z,2026-04-17,11:44:28,SCALPER1,sl,5,5
2026-04-17T11:44:28.064Z,2026-04-17,11:44:28,SCALPER1,maxTrades,10,10
2026-04-17T11:44:28.064Z,2026-04-17,11:44:28,SCALPER1,marginMode,crossed,crossed
2026-04-17T11:44:28.064Z,2026-04-17,11:44:28,SCALPER1,timeframe,H4,H1
2026-04-17T11:44:28.064Z,2026-04-17,11:44:28,SCALPER1,rsiPeriod,14,14
2026-04-17T11:44:28.064Z,2026-04-17,11:44:28,SCALPER1,rsiOversold,25,25
2026-04-17T11:44:28.065Z,2026-04-17,11:44:28,SCALPER1,rsiOverbought,70,70
2026-04-17T11:44:28.065Z,2026-04-17,11:44:28,SCALPER1,emaEnabled,false,false
2026-04-17T11:44:28.065Z,2026-04-17,11:44:28,SCALPER1,emaPeriod,100,100
2026-04-17T11:44:28.065Z,2026-04-17,11:44:28,SCALPER1,emaTf,Min60,Min60
2026-04-17T11:44:28.066Z,2026-04-17,11:44:28,SCALPER1,cooldownMin,10,10
2026-04-17T11:44:28.066Z,2026-04-17,11:44:28,SCALPER1,minVol24h,50000,50000
